Timestamp_s;Angle_deg;Degree Difference;Normalized Degrees;;
0,016683333;0,613353664;0;-0,19839554;0,811749203;
0,033366667;0,761582509;0,148228845;-0,050166694;;
0,05005;0,728223792;-0,033358717;-0,083525411;;
0,066733333;0,670051455;-0,058172337;-0,141697748;;
0,083416667;0,543417864;-0,126633591;-0,268331339;;
0,1001;0,748422534;0,20500467;-0,063326669;;
0,116783333;0,775573536;0,027151001;-0,036175667;;
0,133466667;0,777929699;0,002356163;-0,033819504;;
0,15015;0,72648493;-0,051444769;-0,085264273;;
0,166833333;0,653654879;-0,072830052;-0,158094324;;
0,183516667;0,708331968;0,054677089;-0,103417235;;
0,2002;0,721034946;0,012702978;-0,090714257;;
0,216883333;0,79490166;0,073866714;-0,016847543;;
0,233566667;0,756583872;-0,038317787;-0,055165331;;
0,25025;0,784391341;0,027807469;-0,027357862;;
0,266933333;0,860477172;0,076085831;0,048727969;;
0,283616667;0,755895354;-0,104581818;-0,055853849;;
0,3003;0,852643104;0,09674775;0,040893901;;
0,316983333;0,757311939;-0,095331165;-0,054437264;;
0,333666667;0,849938696;0,092626757;0,038189493;;
0,35035;0,781314157;-0,068624538;-0,030435046;;
0,367033333;0,713783704;-0,067530453;-0,097965499;;
0,383716667;0,852310006;0,138526302;0,040560803;;
0,4004;0,699099578;-0,153210428;-0,112649625;;
0,417083333;0,673187661;-0,025911917;-0,138561542;;
0,433766667;0,679887053;0,006699392;-0,13186215;;
0,45045;0,668899239;-0,010987814;-0,142849964;;
0,467133333;0,778743078;0,109843839;-0,033006125;;
0,483816667;0,741944419;-0,036798658;-0,069804784;;
0,5005;0,688518492;-0,053425927;-0,123230711;;
0,517183333;0,621169086;-0,067349406;-0,190580117;;
0,533866667;0,734858528;0,113689442;-0,076890675;;
0,55055;0,912203094;0,177344566;0,100453891;;
0,567233333;0,816085752;-0,096117342;0,004336549;;
0,583916667;0,938971908;0,122886156;0,127222705;;
0,6006;0,820326326;-0,118645582;0,008577123;;
0,617283333;0,728624362;-0,091701964;-0,083124841;;
0,633966667;0,620043503;-0,108580858;-0,1917057;;
0,65065;0,570956162;-0,049087342;-0,240793041;;
0,667333333;0,771938524;0,200982363;-0,039810679;;
0,684016667;0,700521653;-0,071416871;-0,11122755;;
0,7007;0,737239528;0,036717875;-0,074509675;;
0,717383333;0,621778251;-0,115461277;-0,189970952;;
0,734066667;0,54608439;-0,075693861;-0,265664813;;
0,75075;0,700709981;0,154625592;-0,111039222;;
0,767433333;0,618874049;-0,081835932;-0,192875154;;
0,784116667;0,770018835;0,151144786;-0,041730368;;
0,8008;0,75863426;-0,011384575;-0,053114943;;
0,817483333;0,710220583;-0,048413678;-0,10152862;;
0,834166667;0,658164332;-0,052056251;-0,153584871;;
0,85085;0,550654988;-0,107509344;-0,261094215;;
0,867533333;0,810230908;0,259575919;-0,001518295;;
0,884216667;0,835769655;0,025538748;0,024020452;;
0,9009;0,786226351;-0,049543304;-0,025522852;;
0,917583333;0,715266525;-0,070959826;-0,096482678;;
0,934266667;0,667581813;-0,047684712;-0,14416739;;
0,95095;0,787378696;0,119796883;-0,024370507;;
0,967633333;0,787726944;0,000348248;-0,024022259;;
0,984316667;0,834941527;0,047214584;0,023192324;;
1,001;0,806570842;-0,028370685;-0,005178361;;
1,017683333;0,768765688;-0,037805154;-0,042983515;;
1,034366667;0,794411378;0,02564569;-0,017337825;;
1,05105;0,601117322;-0,193294057;-0,210631881;;
1,067733333;0,789909056;0,188791734;-0,021840147;;
1,084416667;0,802269196;0,01236014;-0,009480007;;
1,1011;0,736146712;-0,066122483;-0,075602491;;
1,117783333;0,681423982;-0,05472273;-0,130325221;;
1,134466667;0,66087773;-0,020546252;-0,150871473;;
1,15115;0,871131342;0,210253612;0,059382139;;
1,167833333;0,859983266;-0,011148077;0,048234063;;
1,184516667;0,792317324;-0,067665942;-0,019431879;;
1,2012;0,680486195;-0,111831129;-0,131263009;;
1,217883333;0,568262333;-0,112223862;-0,24348687;;
1,234566667;0,750524635;0,182262302;-0,061224568;;
1,25125;0,697816474;-0,052708161;-0,113932729;;
1,267933333;0,668522063;-0,029294412;-0,14322714;;
1,284616667;0,659007744;-0,009514318;-0,152741459;;
1,3013;0,787888385;0,128880641;-0,023860818;;
1,317983333;0,834979248;0,047090863;0,023230045;;
1,334666667;0,656008149;-0,178971099;-0,155741054;;
1,35135;0,703765241;0,047757093;-0,107983962;;
1,368033333;0,660182501;-0,04358274;-0,151566702;;
1,384716667;0,611043974;-0,049138527;-0,200705229;;
1,4014;0,682938075;0,071894101;-0,128811128;;
1,418083333;0,557126227;-0,125811848;-0,254622976;;
1,434766667;0,669460436;0,112334209;-0,142288767;;
1,45145;0,709225508;0,039765072;-0,102523695;;
1,468133333;0,865091233;0,155865726;0,05334203;;
1,484816667;0,799901111;-0,065190122;-0,011848092;;
1,5015;0,667889613;-0,132011499;-0,14385959;;
1,518183333;0,739595407;0,071705794;-0,072153797;;
1,534866667;0,645608765;-0,093986642;-0,166140438;;
1,55155;0,857777146;0,212168381;0,046027943;;
1,568233333;0,808041752;-0,049735394;-0,003707451;;
1,584916667;0,697958401;-0,110083351;-0,113790802;;
1,6016;0,67000836;-0,027950041;-0,141740843;;
1,618283333;0,686644716;0,016636357;-0,125104487;;
1,634966667;0,80991557;0,123270854;-0,001833633;;
1,65165;0,848890347;0,038974777;0,037141144;;
1,668333333;0,843825678;-0,005064669;0,032076475;;
1,685016667;0,80357695;-0,040248728;-0,008172253;;
1,7017;0,667723719;-0,13585323;-0,144025484;;
1,718383333;0,683942718;0,016218998;-0,127806486;;
1,735066667;0,683298978;-0,00064374;-0,128450225;;
1,75175;0,760078635;0,076779657;-0,051670568;;
1,768433333;0,80851465;0,048436016;-0,003234553;;
1,785116667;0,787120287;-0,021394364;-0,024628917;;
1,8018;0,780505314;-0,006614973;-0,031243889;;
1,818483333;0,631716102;-0,148789212;-0,180033101;;
1,835166667;0,730763104;0,099047001;-0,080986099;;
1,85185;0,823335538;0,092572434;0,011586335;;
1,868533333;0,889175186;0,065839648;0,077425983;;
1,885216667;0,811918065;-0,077257121;0,000168862;;
1,9019;0,808763937;-0,003154128;-0,002985266;;
1,918583333;0,832666679;0,023902742;0,020917476;;
1,935266667;0,811568919;-0,02109776;-0,000180284;;
1,95195;0,711590425;-0,099978494;-0,100158778;;
1,968633333;0,718070126;0,0064797;-0,093679077;;
1,985316667;0,747833542;0,029763417;-0,063915661;;
2,002;0,781556408;0,033722866;-0,030192795;;
2,018683333;0,768909241;-0,012647167;-0,042839962;;
2,035366667;0,685850817;-0,083058424;-0,125898386;;
2,05205;0,764283312;0,078432496;-0,047465891;;
2,068733333;0,702546992;-0,061736321;-0,109202211;;
2,085416667;0,806154581;0,103607589;-0,005594622;;
2,1021;0,740854191;-0,06530039;-0,070895012;;
2,118783333;0,745272688;0,004418497;-0,066476515;;
2,135466667;0,838154022;0,092881334;0,026404819;;
2,15215;0,86864131;0,030487287;0,056892107;;
2,168833333;0,909023473;0,040382164;0,09727427;;
2,185516667;0,78815696;-0,120866513;-0,023592243;;
2,2022;0,756295895;-0,031861065;-0,055453308;;
2,218883333;0,701609172;-0,054686723;-0,110140031;;
2,235566667;0,705960001;0,00435083;-0,105789202;;
2,25225;0,713354793;0,007394792;-0,09839441;;
2,268933333;0,838056767;0,124701974;0,026307564;;
2,285616667;0,948738223;0,110681456;0,13698902;;
2,3023;0,951486309;0,002748086;0,139737105;;
2,318983333;0,905710254;-0,045776054;0,093961051;;
2,335666667;0,789849018;-0,115861236;-0,021900185;;
2,35235;0,827676175;0,037827157;0,015926972;;
2,369033333;0,927045288;0,099369113;0,115296085;;
2,385716667;0,907363835;-0,019681453;0,095614632;;
2,4024;0,848659826;-0,058704009;0,036910623;;
2,419083333;0,778654413;-0,070005413;-0,03309479;;
2,435766667;0,791875802;0,013221388;-0,019873401;;
2,45245;0,832981012;0,04110521;0,021231809;;
2,469133333;0,76430243;-0,068678581;-0,047446773;;
2,485816667;0,764491707;0,000189277;-0,047257496;;
2,5025;0,78019663;0,015704923;-0,031552573;;
2,519183333;0,885348951;0,105152321;0,073599748;;
2,535866667;0,892148933;0,006799982;0,08039973;;
2,55255;0,749746726;-0,142402207;-0,062002477;;
2,569233333;0,650886277;-0,09886045;-0,160862926;;
2,585916667;0,717172838;0,066286561;-0,094576365;;
2,6026;0,828420439;0,111247601;0,016671236;;
2,619283333;0,893750175;0,065329736;0,082000972;;
2,635966667;0,890795272;-0,002954902;0,079046069;;
2,65265;0,875089605;-0,015705668;0,063340401;;
2,669333333;0,794462838;-0,080626766;-0,017286365;;
2,686016667;0,73563511;-0,058827728;-0,076114093;;
2,7027;0,698758227;-0,036876883;-0,112990976;;
2,719383333;0,685789739;-0,012968488;-0,125959464;;
2,736066667;0,649789186;-0,036000553;-0,161960017;;
2,75275;0,85553811;0,205748924;0,043788907;;
2,769433333;0,923246636;0,067708526;0,111497433;;
2,786116667;0,831745828;-0,091500809;0,019996625;;
2,8028;0,857060605;0,025314778;0,045311402;;
2,819483333;0,877610789;0,020550184;0,065861586;;
2,836166667;0,872402506;-0,005208284;0,060653303;;
2,85285;0,884963025;0,01256052;0,073213822;;
2,869533333;0,827404888;-0,057558137;0,015655685;;
2,886216667;0,823430987;-0,003973901;0,011681784;;
2,9029;0,811086776;-0,012344211;-0,000662427;;
2,919583333;0,788190106;-0,02289667;-0,023559097;;
2,936266667;0,805432185;0,017242079;-0,006317018;;
2,95295;0,835698911;0,030266726;0,023949708;;
2,969633333;0,788580559;-0,047118352;-0,023168644;;
2,986316667;0,737247573;-0,051332987;-0,07450163;;
3,003;0,757398987;0,020151415;-0,054350216;;
3,019683333;0,715182766;-0,042216222;-0,096566437;;
3,036366667;0,751162417;0,035979651;-0,060586786;;
3,05305;0,843349021;0,092186604;0,031599818;;
3,069733333;0,835984079;-0,007364942;0,024234876;;
3,086416667;0,836046599;6,25204E-05;0,024297396;;
3,1031;0,76613695;-0,069909649;-0,045612253;;
3,119783333;0,780372972;0,014236021;-0,031376232;;
3,136466667;0,826940126;0,046567154;0,015190923;;
3,15315;0,895672971;0,068732845;0,083923768;;
3,169833333;0,80636012;-0,089312851;-0,005389083;;
3,186516667;0,653481444;-0,152878676;-0,158267759;;
3,2032;0,804302685;0,15082124;-0,007446518;;
3,219883333;0,851523591;0,047220906;0,039774388;;
3,236566667;0,9377998;0,086276209;0,126050597;;
3,25325;0,893322993;-0,044476807;0,08157379;;
3,269933333;0,738404055;-0,154918937;-0,073345148;;
3,286616667;0,780408475;0,04200442;-0,031340728;;
3,3033;0,758374927;-0,022033547;-0,053374276;;
3,319983333;0,833728952;0,075354025;0,021979749;;
3,336666667;0,875258618;0,041529666;0,063509415;;
3,35335;0,916878754;0,041620136;0,105129551;;
3,370033333;0,945160249;0,028281494;0,133411045;;
3,386716667;0,945427512;0,000267263;0,133678309;;
3,4034;0,88822023;-0,057207281;0,076471027;;
3,420083333;0,852081243;-0,036138988;0,04033204;;
3,436766667;0,868180026;0,016098784;0,056430823;;
3,45345;0,792975611;-0,075204415;-0,018773592;;
3,470133333;0,794191874;0,001216263;-0,017557329;;
3,486816667;0,839048376;0,044856502;0,027299173;;
3,5035;0,620986981;-0,218061395;-0,190762222;;
3,520183333;0,876890024;0,255903044;0,065140821;;
3,536866667;0,93043669;0,053546666;0,118687487;;
3,55355;0,93230407;0,00186738;0,120554867;;
3,570233333;0,965897818;0,033593749;0,154148615;;
3,586916667;0,813377839;-0,15251998;0,001628636;;
3,6036;0,906749965;0,093372126;0,095000762;;
3,620283333;0,87878876;-0,027961205;0,067039557;;
3,636966667;0,83156347;-0,047225289;0,019814267;;
3,65365;0,694788954;-0,136774516;-0,116960249;;
3,670333333;0,621152809;-0,073636145;-0,190596394;;
3,687016667;0,846158474;0,225005665;0,034409271;;
3,7037;0,890942849;0,044784375;0,079193646;;
3,720383333;0,91797807;0,027035221;0,106228867;;
3,737066667;0,906540747;-0,011437323;0,094791544;;
3,75375;0,81924753;-0,087293217;0,007498327;;
3,770433333;0,848316604;0,029069074;0,036567401;;
3,787116667;0,715688238;-0,132628366;-0,096060965;;
3,8038;0,902640718;0,18695248;0,090891515;;
3,820483333;0,921602737;0,018962019;0,109853534;;
3,837166667;0,972656068;0,051053331;0,160906865;;
3,85385;0,840433499;-0,13222257;0,028684296;;
3,870533333;0,701769655;-0,138663843;-0,109979548;;
3,887216667;0,724527378;0,022757723;-0,087221825;;
3,9039;0,708825332;-0,015702046;-0,102923871;;
3,920583333;0,784271546;0,075446214;-0,027477657;;
3,937266667;0,812075599;0,027804053;0,000326396;;
3,95395;0,795337726;-0,016737873;-0,016411477;;
3,970633333;0,848435377;0,053097651;0,036686174;;
3,987316667;0,75712394;-0,091311437;-0,054625263;;
4,004;0,728049427;-0,029074513;-0,083699776;;
4,020683333;0,773095891;0,045046464;-0,038653312;;
4,037366667;0,814417252;0,041321361;0,002668049;;
4,05405;0,82257817;0,008160917;0,010828967;;
4,070733333;0,832978166;0,010399996;0,021228963;;
4,087416667;0,809810799;-0,023167367;-0,001938404;;
4,1041;0,813375099;0,003564299;0,001625896;;
4,120783333;0,842703061;0,029327963;0,030953858;;
4,137466667;0,840260769;-0,002442292;0,028511566;;
4,15415;0,683829356;-0,156431413;-0,127919847;;
4,170833333;0,739425713;0,055596356;-0,07232349;;
4,187516667;0,869710963;0,13028525;0,05796176;;
4,2042;0,902102075;0,032391113;0,090352872;;
4,220883333;1,079080341;0,176978265;0,267331138;;
4,237566667;1,005744177;-0,073336163;0,193994974;;
4,25425;0,897219237;-0,10852494;0,085470034;;
4,270933333;0,855925046;-0,041294192;0,044175842;;
4,287616667;0,969894198;0,113969152;0,158144995;;
4,3043;0,971112606;0,001218408;0,159363403;;
4,320983333;0,97881214;0,007699534;0,167062937;;
4,337666667;1,033341514;0,054529375;0,221592311;;
4,35435;0,963151429;-0,070190086;0,151402225;;
4,371033333;1,017424145;0,054272717;0,205674942;;
4,387716667;0,97415359;-0,043270555;0,162404387;;
4,4044;0,838440353;-0,135713237;0,02669115;;
4,421083333;0,932090927;0,093650574;0,120341724;;
4,437766667;0,885549215;-0,046541712;0,073800012;;
4,45445;0,953700349;0,068151134;0,141951146;;
4,471133333;0,90941023;-0,04429012;0,097661027;;
4,487816667;0,823640893;-0,085769337;0,01189169;;
4,5045;0,957806668;0,134165776;0,146057465;;
4,521183333;0,799936438;-0,15787023;-0,011812765;;
4,537866667;0,920575586;0,120639148;0,108826383;;
4,55455;0,874590837;-0,04598475;0,062841634;;
4,571233333;0,98156511;0,106974273;0,169815907;;
4,587916667;1,099708528;0,118143418;0,287959325;;
4,6046;0,876061186;-0,223647342;0,064311983;;
4,621283333;0,918378823;0,042317637;0,10662962;;
4,637966667;0,705226588;-0,213152235;-0,106522615;;
4,65465;0,846786191;0,141559603;0,035036988;;
4,671333333;0,916608682;0,069822491;0,104859479;;
4,688016667;0,920523341;0,003914659;0,108774138;;
4,7047;1,133417766;0,212894425;0,321668563;;
4,721383333;1,082665618;-0,050752148;0,270916415;;
4,738066667;0,999246653;-0,083418966;0,18749745;;
4,75475;0,994855187;-0,004391466;0,183105984;;
4,771433333;0,966526259;-0,028328928;0,154777056;;
4,788116667;0,964247888;-0,002278371;0,152498685;;
4,8048;0,873263811;-0,090984077;0,061514608;;
4,821483333;1,009789283;0,136525472;0,19804008;;
4,838166667;1,043479236;0,033689953;0,231730033;;
4,85485;1,073489642;0,030010406;0,261740439;;
4,871533333;1,156562342;0,0830727;0,344813139;;
4,888216667;1,079693453;-0,076868889;0,26794425;;
4,9049;1,174081746;0,094388293;0,362332543;;
4,921583333;1,237936522;0,063854775;0,426187318;;
4,938266667;1,223284893;-0,014651629;0,41153569;;
4,95495;1,255547637;0,032262744;0,443798434;;
4,971633333;1,132733056;-0,122814582;0,320983853;;
4,988316667;1,214799556;0,0820665;0,403050353;15,51651105;0,039382008
5,005;1,179046752;-0,035752804;0,367297549;;
5,021683333;1,164486686;-0,014560067;0,352737483;;
5,038366667;1,268226393;0,103739707;0,45647719;;
5,05505;1,144213249;-0,124013144;0,332464046;;
5,071733333;1,275002296;0,130789047;0,463253093;;
5,088416667;1,207490816;-0,06751148;0,395741613;;
5,1051;1,177060877;-0,030429938;0,365311674;;
5,121783333;1,323033068;0,145972191;0,511283865;15,47218323;0,040083376
5,138466667;1,269403599;-0,05362947;0,457654396;;
5,15515;1,373431889;0,10402829;0,561682686;;
5,171833333;1,412373166;0,038941277;0,600623963;;
5,188516667;1,347083708;-0,065289458;0,535334505;;
5,2052;1,493634275;0,146550567;0,681885072;;
5,221883333;1,513126882;0,019492606;0,701377679;;
5,238566667;1,538029811;0,024902929;0,726280608;;
5,25525;1,410713332;-0,127316479;0,598964128;;
5,271933333;1,333819892;-0,076893439;0,522070689;;
5,288616667;1,458437772;0,124617879;0,646688569;;
5,3053;1,503453867;0,045016095;0,691704664;;
5,321983333;1,565490239;0,062036373;0,753741036;;
5,338666667;1,601649552;0,036159312;0,789900349;;
5,35535;1,56362789;-0,038021662;0,751878687;;
5,372033333;1,689570192;0,125942303;0,877820989;;
5,388716667;1,758472707;0,068902515;0,946723504;;
5,4054;1,770244194;0,011771487;0,958494991;;
5,422083333;1,769998476;-0,000245718;0,958249273;;
5,438766667;1,813051962;0,043053485;1,001302759;;
5,45545;1,827729753;0,014677791;1,01598055;;
5,472133333;1,924584697;0,096854944;1,112835494;;
5,488816667;1,962301172;0,037716475;1,150551969;;
5,5055;1,950783021;-0,011518151;1,139033818;;
5,522183333;2,006436248;0,055653227;1,194687045;;
5,538866667;1,976835633;-0,029600615;1,165086429;;
5,55555;1,987030021;0,010194388;1,175280817;;
5,572233333;2,00319061;0,016160589;1,191441407;;
5,588916667;2,043166502;0,039975892;1,231417299;;
5,6056;2,184376941;0,141210438;1,372627738;;
5,622283333;2,227437361;0,043060421;1,415688158;;
5,638966667;2,36270898;0,135271618;1,550959777;;
5,65565;2,55540904;0,19270006;1,743659837;;
5,672333333;2,449110768;-0,106298272;1,637361565;;
5,689016667;2,516049368;0,0669386;1,704300165;;
5,7057;2,717487522;0,201438154;1,905738319;;
5,722383333;2,616507158;-0,100980364;1,804757955;;
5,739066667;2,768891365;0,152384207;1,957142162;;
5,75575;2,60355007;-0,165341295;1,791800867;;
5,772433333;2,58900517;-0,0145449;1,777255967;;
5,789116667;2,775966421;0,186961251;1,964217218;;
5,8058;2,724183142;-0,05178328;1,912433939;;
5,822483333;2,900363804;0,176180662;2,088614601;;
5,839166667;3,033439712;0,133075908;2,221690509;;
5,85585;3,061280409;0,027840697;2,249531206;;
5,872533333;3,070996319;0,00971591;2,259247116;;
5,889216667;3,137922992;0,066926672;2,326173789;;
5,9059;3,084373638;-0,053549354;2,272624435;;
5,922583333;3,091383906;0,007010268;2,279634703;;
5,939266667;3,025392527;-0,065991379;2,213643324;;
5,95595;3,084137401;0,058744874;2,272388198;;
5,972633333;3,102858862;0,018721461;2,291109659;;
5,989316667;3,083209833;-0,019649028;2,27146063;;
6,006;3,036556163;-0,046653671;2,22480696;;
6,022683333;2,974260404;-0,062295758;2,162511201;;
6,039366667;3,062514813;0,088254409;2,25076561;;
6,05605;2,96971985;-0,092794963;2,157970647;;
6,072733333;3,088599492;0,118879642;2,276850289;;
6,089416667;3,21749938;0,128899887;2,405750177;;
6,1061;3,187345052;-0,030154328;2,375595849;;
6,122783333;3,326100097;0,138755046;2,514350894;;
6,139466667;3,4577194;0,131619303;2,645970197;;
6,15615;3,479940352;0,022220952;2,668191149;;
6,172833333;3,534576342;0,05463599;2,722827139;;
6,189516667;3,5961861;0,061609758;2,784436897;;
6,2062;3,695656965;0,099470865;2,883907762;;
6,222883333;3,654908599;-0,040748366;2,843159396;;
6,239566667;3,762807759;0,10789916;2,951058556;;
6,25625;3,788912875;0,026105116;2,977163672;;
6,272933333;3,666174225;-0,12273865;2,854425022;;
6,289616667;3,797228275;0,13105405;2,985479072;;
6,3063;3,721633184;-0,075595091;2,909883981;;
6,322983333;3,865335335;0,14370215;3,053586132;;
6,339666667;4,090237364;0,224902029;3,278488161;;
6,35635;4,079212535;-0,011024829;3,267463332;;
6,373033333;4,244820005;0,165607471;3,433070802;;
6,389716667;4,25632504;0,011505035;3,444575837;;
6,4064;4,188527745;-0,067797295;3,376778542;;
6,423083333;4,380045968;0,191518223;3,568296765;;
6,439766667;4,502973299;0,122927331;3,691224096;;
6,45645;4,42004306;-0,082930239;3,608293857;;
6,473133333;4,451764406;0,031721347;3,640015203;;
6,489816667;4,489671247;0,03790684;3,677922044;;
6,5065;4,551289626;0,061618379;3,739540423;;
6,523183333;4,562626092;0,011336466;3,750876889;;
6,539866667;4,602114665;0,039488573;3,790365462;;
6,55655;4,637734063;0,035619398;3,82598486;;
6,573233333;4,741802383;0,104068319;3,93005318;;
6,589916667;4,866696872;0,124894489;4,054947668;;
6,6066;4,956906225;0,090209353;4,145157022;;
6,623283333;5,032480054;0,075573829;4,220730851;;
6,639966667;5,073016758;0,040536704;4,261267555;;
6,65665;5,183424714;0,110407957;4,371675511;;
6,673333333;5,301455294;0,118030579;4,489706091;;
6,690016667;5,252237049;-0,049218245;4,440487846;;
6,7067;5,399387479;0,14715043;4,587638275;;
6,723383333;5,429001246;0,029613768;4,617252043;;
6,740066667;5,326841917;-0,102159329;4,515092714;;
6,75675;5,419207185;0,092365268;4,607457982;;
6,773433333;5,222609399;-0,196597786;4,410860196;;
6,790116667;5,288405734;0,065796335;4,476656531;;
6,8068;5,286835652;-0,001570081;4,475086449;;
6,823483333;5,291908191;0,005072538;4,480158988;;
6,840166667;5,566422993;0,274514802;4,75467379;;
6,85685;5,431654636;-0,134768356;4,619905433;;
6,873533333;5,450790111;0,019135475;4,639040908;;
6,890216667;5,503296743;0,052506632;4,69154754;;
6,9069;5,412201469;-0,091095274;4,600452266;;
6,923583333;5,587851697;0,175650227;4,776102494;;
6,940266667;5,4584247;-0,129426996;4,646675497;;
6,95695;5,55100709;0,09258239;4,739257887;;
6,973633333;5,814294968;0,263287878;5,002545765;;
6,990316667;5,891536232;0,077241264;5,079787029;;
7,007;5,873342779;-0,018193453;5,061593576;;
7,023683333;5,826980355;-0,046362424;5,015231152;;
7,040366667;5,665134114;-0,161846241;4,853384911;;
7,05705;5,919036707;0,253902593;5,107287504;;
7,073733333;5,826716824;-0,092319883;5,014967621;;
7,090416667;5,833617046;0,006900222;5,021867843;;
7,1071;5,99318537;0,159568324;5,181436166;;
7,123783333;5,9849577;-0,00822767;5,173208497;;
7,140466667;6,090254031;0,105296331;5,278504828;;
7,15715;6,120870764;0,030616733;5,309121561;;
7,173833333;6,227657077;0,106786313;5,415907874;;
7,190516667;6,37375266;0,146095582;5,562003457;;
7,2072;6,476080816;0,102328156;5,664331613;;
7,223883333;6,352866747;-0,123214069;5,541117544;;
7,240566667;6,324867799;-0,027998948;5,513118596;;
7,25725;6,402835006;0,077967207;5,591085803;;
7,273933333;6,432200268;0,029365262;5,620451065;;
7,290616667;6,542772933;0,110572666;5,73102373;;
7,3073;6,569122127;0,026349194;5,757372924;;
7,323983333;6,563750157;-0,00537197;5,752000953;;
7,340666667;6,729998833;0,166248677;5,91824963;;
7,35735;6,835614215;0,105615382;6,023865012;;
7,374033333;6,79373681;-0,041877405;5,981987607;;
7,390716667;6,978639294;0,184902483;6,16689009;;
7,4074;6,961428775;-0,017210518;6,149679572;;
7,424083333;6,916290664;-0,045138111;6,104541461;;
7,440766667;7,093359971;0,177069307;6,281610768;;
7,45745;7,145803267;0,052443296;6,334054064;;
7,474133333;7,277472233;0,131668966;6,46572303;;
7,490816667;7,2535119;-0,023960333;6,441762697;;
7,5075;7,130221035;-0,123290865;6,318471832;;
7,524183333;7,287657125;0,15743609;6,475907922;;
7,540866667;7,142660563;-0,144996562;6,33091136;;
7,55755;7,23555847;0,092897907;6,423809267;;
7,574233333;7,220980322;-0,014578149;6,409231119;;
7,590916667;7,129927639;-0,091052683;6,318178436;;
7,6076;7,371893532;0,241965893;6,560144329;;
7,624283333;7,318997841;-0,052895691;6,507248638;;
7,640966667;7,394068265;0,075070424;6,582319062;;
7,65765;7,405594893;0,011526628;6,59384569;;
7,674333333;7,449589671;0,043994778;6,637840468;;
7,691016667;7,579521829;0,129932158;6,767772626;;
7,7077;7,502618707;-0,076903121;6,690869504;;
7,724383333;7,499823959;-0,002794748;6,688074756;;
7,741066667;7,548606808;0,048782849;6,736857605;;
7,75775;7,49147421;-0,057132598;6,679725007;;
7,774433333;7,552328835;0,060854625;6,740579632;;
7,791116667;7,724234572;0,171905737;6,912485369;;
7,8078;7,759468779;0,035234207;6,947719576;;
7,824483333;7,856153038;0,096684259;7,044403835;;
7,841166667;7,893675413;0,037522375;7,08192621;;
7,85785;7,975198062;0,081522648;7,163448859;;
7,874533333;7,895604283;-0,079593779;7,083855079;;
7,891216667;7,987018039;0,091413756;7,175268836;;
7,9079;8,027805541;0,040787502;7,216056338;;
7,924583333;8,041865563;0,014060022;7,230116359;;
7,941266667;8,051227497;0,009361934;7,239478294;;
7,95795;8,244873545;0,193646049;7,433124342;;
7,974633333;8,422793063;0,177919517;7,61104386;;
7,991316667;8,644348822;0,22155576;7,832599619;;
8,008;8,509564756;-0,134784067;7,697815553;;
8,024683333;8,598529674;0,088964918;7,786780471;;
8,041366667;8,612924454;0,01439478;7,801175251;;
8,05805;8,683033893;0,070109439;7,87128469;;
8,074733333;8,823027769;0,139993876;8,011278566;;
8,091416667;8,816529905;-0,006497864;8,004780702;;
8,1081;8,9937841;0,177254195;8,182034897;;
8,124783333;8,982294917;-0,011489183;8,170545714;;
8,141466667;9,117543392;0,135248476;8,305794189;;
8,15815;9,193826256;0,076282864;8,382077053;;
8,174833333;9,15325438;-0,040571877;8,341505176;;
8,191516667;9,159186888;0,005932509;8,347437685;;
8,2082;9,206050824;0,046863935;8,394301621;;
8,224883333;9,270409655;0,064358832;8,458660452;;
8,241566667;9,323378493;0,052968838;8,51162929;;
8,25825;9,157041571;-0,166336922;8,345292368;;
8,274933333;9,253853434;0,096811863;8,442104231;;
8,291616667;9,240404255;-0,013449179;8,428655052;;
8,3083;9,268113099;0,027708844;8,456363896;;
8,324983333;9,469414586;0,201301488;8,657665383;;
8,341666667;9,472421255;0,003006668;8,660672052;;
8,35835;9,426265679;-0,046155576;8,614516476;;
8,375033333;9,395560044;-0,030705635;8,583810841;;
8,391716667;9,42037737;0,024817326;8,608628167;;
8,4084;9,467458727;0,047081356;8,655709524;;
8,425083333;9,435807809;-0,031650918;8,624058606;;
8,441766667;9,528513868;0,092706059;8,716764665;;
8,45845;9,613873905;0,085360038;8,802124702;;
8,475133333;9,746363083;0,132489178;8,93461388;;
8,491816667;9,719680865;-0,026682218;8,907931662;;
8,5085;9,765485359;0,045804494;8,953736155;;
8,525183333;9,852472102;0,086986743;9,040722899;;
8,541866667;9,758015488;-0,094456613;8,946266285;;
8,55855;9,830389836;0,072374347;9,018640633;;
8,575233333;9,879166168;0,048776333;9,067416965;;
8,591916667;9,889116523;0,009950354;9,07736732;;
8,6086;9,960121326;0,071004803;9,148372123;;
8,625283333;9,902133111;-0,057988215;9,090383908;;
8,641966667;10,10338931;0,201256194;9,291640102;;
8,65865;10,25370298;0,15031367;9,441953772;;
8,675333333;10,1314024;-0,122300576;9,319653196;;
8,692016667;10,28258289;0,151180486;9,470833682;;
8,7087;10,28888394;0,006301055;9,477134737;;
8,725383333;10,31427571;0,025391768;9,502526505;;
8,742066667;10,49331854;0,17904283;9,681569334;;
8,75875;10,47748127;-0,01583727;9,665732064;;
8,775433333;10,47873432;0,001253054;9,666985118;;
8,792116667;10,47808059;-0,000653728;9,66633139;;
8,8088;10,49784436;0,019763767;9,686095157;;
8,825483333;10,65434783;0,156503472;9,842598629;;
8,842166667;10,77021931;0,115871477;9,958470106;;
8,85885;10,69819016;-0,072029149;9,886440957;;
8,875533333;10,82506926;0,126879097;10,01332005;;
8,892216667;10,85876194;0,033692686;10,04701274;;
8,9089;10,91236985;0,053607911;10,10062065;;
8,925583333;10,98126013;0,068890274;10,16951092;;
8,942266667;10,99481998;0,013559853;10,18307078;;
8,95895;11,0247673;0,029947321;10,2130181;;
8,975633333;11,14025387;0,115486567;10,32850467;;
8,992316667;11,35702358;0,216769713;10,54527438;;
9,009;11,35780124;0,000777657;10,54605203;;
9,025683333;11,46021046;0,102409218;10,64846125;;
9,042366667;11,45892926;-0,001281196;10,64718006;;
9,05905;11,46822208;0,009292816;10,65647287;;
9,075733333;11,63532046;0,167098383;10,82357126;;
9,092416667;11,41494282;-0,220377637;10,60319362;;
9,1091;11,32381081;-0,091132008;10,51206161;;
9,125783333;11,56983957;0,246028754;10,75809036;;
9,142466667;11,60461729;0,034777725;10,79286809;;
9,15915;11,827541;0,222923711;11,0157918;;
9,175833333;11,58678452;-0,240756479;10,77503532;;
9,192516667;11,49535653;-0,091427999;10,68360732;;
9,2092;11,50880025;0,013443728;10,69705105;;
9,225883333;11,40213317;-0,106667079;10,59038397;;
9,242566667;11,62594551;0,22381234;10,81419631;;
9,25925;11,57738501;-0,048560503;10,76563581;;
9,275933333;11,54780366;-0,029581347;10,73605446;;
9,292616667;11,75675545;0,208951782;10,94500624;;
9,3093;11,62050292;-0,136252528;10,80875372;;
9,325983333;11,65613026;0,035627342;10,84438106;;
9,342666667;11,78071153;0,124581269;10,96896233;;
9,35935;11,7539357;-0,02677583;10,9421865;;
9,376033333;11,93658701;0,182651306;11,1248378;;
9,392716667;11,86047337;-0,07611364;11,04872416;;
9,4094;11,87282025;0,012346881;11,06107104;;
9,426083333;12,06998829;0,197168044;11,25823909;;
9,442766667;12,07624456;0,006256264;11,26449535;;
9,45945;12,11586477;0,039620213;11,30411557;;
9,476133333;12,30910157;0,193236798;11,49735236;;
9,492816667;12,39615911;0,087057544;11,58440991;;
9,5095;12,52582258;0,129663467;11,71407337;;
9,526183333;12,5639394;0,038116818;11,75219019;;
9,542866667;12,6071704;0,043231008;11,7954212;;
9,55955;12,63030525;0,023134843;11,81855604;;
9,576233333;12,60296939;-0,027335861;11,79122018;;
9,592916667;12,57511041;-0,027858976;11,76336121;;
9,6096;12,69560024;0,120489829;11,88385104;;
9,626283333;12,77407766;0,07847742;11,96232846;;
9,642966667;12,73574537;-0,038332284;11,92399617;;
9,65965;12,95873452;0,222989141;12,14698531;;
9,676333333;12,99683027;0,03809575;12,18508106;;
9,693016667;12,88521954;-0,11161073;12,07347033;;
9,7097;13,07449578;0,189276246;12,26274658;;
9,726383333;13,0795217;0,00502592;12,2677725;;
9,743066667;13,11675492;0,037233219;12,30500572;;
9,75975;13,20876302;0,092008098;12,39701382;;
9,776433333;13,02112592;-0,187637102;12,20937671;;
9,793116667;13,16019785;0,139071934;12,34844865;;
9,8098;13,1061741;-0,054023751;12,2944249;;
9,826483333;13,11861604;0,012441944;12,30686684;;
9,843166667;13,24143104;0,122814994;12,42968184;;
9,85985;13,12965195;-0,111779092;12,31790274;;
9,876533333;13,1760441;0,046392159;12,3642949;;
9,893216667;12,9803083;-0,195735802;12,1685591;;
9,9099;12,95800191;-0,022306395;12,1462527;;
9,926583333;13,25312349;0,295121585;12,44137429;;
9,943266667;13,21246838;-0,040655115;12,40071917;;
9,95995;13,36224827;0,149779894;12,55049907;;
9,976633333;13,38654697;0,024298704;12,57479777;;
9,993316667;13,28893997;-0,097607009;12,47719076;;
10,01;13,4047307;0,115790731;12,59298149;;
10,02668333;13,52077703;0,116046337;12,70902783;;
10,04336667;13,54382008;0,023043046;12,73207088;;
10,06005;13,58760338;0,043783305;12,77585418;;
10,07673333;13,45575668;-0,131846707;12,64400747;;
10,09341667;13,58978545;0,134028775;12,77803625;;
10,1101;13,71555639;0,125770942;12,90380719;;
10,12678333;13,81589919;0,100342798;13,00414999;;
10,14346667;14,04671067;0,230811479;13,23496147;;
10,16015;14,01828525;-0,028425423;13,20653604;;
10,17683333;13,89422029;-0,124064956;13,08247109;;
10,19351667;13,91560523;0,021384944;13,10385603;;
10,2102;14,00862727;0,093022035;13,19687807;;
10,22688333;14,0357209;0,027093629;13,2239717;;
10,24356667;14,05219187;0,016470967;13,24044266;;
10,26025;14,11154235;0,059350485;13,29979315;;
10,27693333;14,1918671;0,080324752;13,3801179;;
10,29361667;14,3875031;0,195636001;13,5757539;;
10,3103;14,41820098;0,030697878;13,60645178;;
10,32698333;14,40975605;-0,008444928;13,59800685;;
10,34366667;14,52797738;0,118221328;13,71622818;;
10,36035;14,61772323;0,089745851;13,80597403;;
10,37703333;14,58453853;-0,033184704;13,77278933;;
10,39371667;14,68917731;0,104638783;13,87742811;;
10,4104;14,57694077;-0,11223654;13,76519157;;
10,42708333;14,58563775;0,008696974;13,77388854;;
10,44376667;14,71697237;0,131334625;13,90522317;;
10,46045;14,64325966;-0,073712708;13,83151046;;
10,47713333;14,74805414;0,104794475;13,93630493;;
10,49381667;14,79488227;0,046828129;13,98313306;;
10,5105;14,70997437;-0,084907899;13,89822516;;
10,52718333;14,81132009;0,101345718;13,99957088;;
10,54386667;14,78544158;-0,025878508;13,97369237;;
10,56055;14,80139508;0,015953503;13,98964588;;
10,57723333;14,72487431;-0,076520776;13,9131251;;
10,59391667;14,63493521;-0,089939098;13,823186;;
10,6106;14,81374273;0,178807522;14,00199353;;
10,62728333;14,83425704;0,020514312;14,02250784;;
10,64396667;14,98839985;0,154142806;14,17665064;;
10,66065;15,04643099;0,058031143;14,23468179;;
10,67733333;14,91419137;-0,132239617;14,10244217;;
10,69401667;14,95360699;0,039415612;14,14185778;;
10,7107;14,88680088;-0,066806104;14,07505168;;
10,72738333;15,02414781;0,137346926;14,2123986;;
10,74406667;15,2050362;0,180888395;14,393287;;
10,76075;15,19417169;-0,01086451;14,38242249;;
10,77743333;15,24419968;0,050027989;14,43245048;;
10,79411667;15,30437813;0,060178446;14,49262892;;
10,8108;15,32139602;0,017017889;14,50964681;;
10,82748333;15,3684322;0,047036181;14,55668299;;
10,84416667;15,39329879;0,024866596;14,58154959;;
10,86085;15,50009144;0,106792646;14,68834224;;
10,87753333;15,56577526;0,065683819;14,75402605;;
10,89421667;15,69073481;0,124959556;14,87898561;;
10,9109;15,67352982;-0,017204996;14,86178061;;
10,92758333;15,65026391;-0,023265908;14,83851471;;
10,94426667;15,77131347;0,121049561;14,95956427;;
10,96095;15,82481915;0,053505684;15,01306995;;
10,97763333;15,99646286;0,171643712;15,18471366;;
10,99431667;16,12678371;0,130320846;15,31503451;;
11,011;16,06855686;-0,058226853;15,25680765;;
11,02768333;16,18433988;0,115783025;15,37259068;;
11,04436667;16,12178417;-0,062555712;15,31003497;;
11,06105;16,14018863;0,018404464;15,32843943;;
11,07773333;16,27261013;0,132421492;15,46086092;;
11,09441667;16,17738803;-0,095222098;15,36563883;;
11,1111;16,19526979;0,01788176;15,38352059;;
11,12778333;16,29696386;0,101694075;15,48521466;;
11,14446667;16,19653383;-0,100430035;15,38478463;;
11,16115;16,3474727;0,150938876;15,5357235;;
11,17783333;16,42781981;0,080347107;15,61607061;;
11,19451667;16,39820132;-0,029618495;15,58645211;;
11,2112;16,48850002;0,090298706;15,67675082;;
11,22788333;16,50849886;0,019998833;15,69674965;;
11,24456667;16,65927541;0,15077655;15,8475262;;
11,26125;16,65016467;-0,009110734;15,83841547;;
11,27793333;16,70074142;0,050576747;15,88899222;;
11,29461667;16,83751613;0,136774712;16,02576693;;
11,3113;16,88546188;0,047945747;16,07371267;;
11,32798333;16,87152591;-0,013935972;16,0597767;;
11,34466667;16,88050288;0,008976973;16,06875368;;
11,36135;16,84325112;-0,037251758;16,03150192;;
11,37803333;16,79384036;-0,049410765;15,98209115;;
11,39471667;16,73486466;-0,058975694;15,92311546;;
11,4114;16,70451384;-0,030350827;15,89276463;;
11,42808333;16,75192783;0,047413995;15,94017863;;
11,44476667;16,77961353;0,027685702;15,96786433;;
11,46145;16,86012187;0,080508339;16,04837267;;
11,47813333;16,77664263;-0,083479245;15,96489342;;
11,49481667;16,84529591;0,068653285;16,03354671;;
11,5115;16,88248213;0,037186217;16,07073293;;
11,52818333;16,78721917;-0,095262959;15,97546997;;
11,54486667;16,78846657;0,001247404;15,97671737;;
11,56155;16,64924411;-0,139222464;15,83749491;;
